SKU,QTY
HT12900,3
HT12910,3
HT12920,3
HT12930,3
HT12950,3
HT12960,3
HT12970,3
HT12980,3
HT12990,3
HT15050,3
HT15051,3
HT15052,3
HT15053,3
HT15054,3
HT15055,3
HT15057,3
HT15058,3
HT15059,3
HT15060,3
HT15061,3
HT15100,3
HT15101,3
HT15102,3
HT15103,3
HT15104,3
HT15105,3
HT15107,3
HT15108,0
HT15109,3
HT15110,3
HT15111,3
HT15150,3
HT15151,3
HT15152,3
HT15153,3
HT15154,0
HT15155,3
HT15157,3
HT15158,0
HT15159,3
HT15160,3
HT15161,3
HT15200,3
HT15201,3
HT15202,3
HT15203,3
HT15204,0
HT15207,3
HT15208,0
HT15209,3
HT15210,3
HT15211,3
HT15250,3
HT15251,3
HT15252,3
HT15253,3
HT15254,0
HT15257,3
HT15258,3
HT15259,3
HT15260,3
HT15261,0
HT15300,3
HT15301,3
HT15303,3
HT15304,0
HT15307,3
HT15308,0
HT15309,3
HT15310,3
HT15311,0
HT15520,3
HT15524,3
HT15563,0
HT15571,0
HT15572,0
HT15600,3
HT15601,0
HT15602,0
HT15603,3
HT15604,0
HT15613,3
HT15621,3
HT15622,0
HT15623,3
HT15624,0
HT15634,3
HT15670,3
HT15671,3
HT15720,3
HT15724,3
HT15730,3
HT17020,3
HT17022,3
HT17023,0
HT17024,0
HT17025,3
HT17026,3
HT17027,3
HT17028,3
HT17120,3
HT17121,3
HT17122,3
HT17123,3
HT17124,3
HT17125,3
HT17126,3
HT17127,3
HT17128,3
HT17160,3
HT17161,3
HT17162,3
HT17163,0
HT17167,3
HT17181,3
HT17182,3
HT17183,3
HT17184,3
HT17185,3
HT17186,3
HT17220,3
HT17221,3
HT17222,3
HT17223,3
HT17224,3
HT17225,3
HT17226,3
HT17227,3
HT17228,3
HT17260,3
HT17261,3
HT17262,3
HT17263,3
HT17266,3
HT17267,3
HT17280,3
HT17282,3
HT17283,3
HT17284,3
HT17285,3
HT17286,3
HT17320,3
HT17321,3
HT17322,3
HT17323,3
HT17324,3
HT17325,3
HT17326,3
HT17327,3
HT17328,3
HT17360,3
HT17361,3
HT17362,3
HT17363,3
HT17364,3
HT17365,3
HT17367,3
HT17380,3
HT17382,3
HT17383,3
HT17384,3
HT17385,3
HT17386,3
HT17420,3
HT17421,3
HT17422,3
HT17423,0
HT17424,3
HT17425,3
HT17426,3
HT17427,3
HT17460,3
HT17461,3
HT17465,0
HT17467,0
HT17480,0
HT17520,3
HT17521,3
HT17522,3
HT17523,3
HT17524,3
HT17525,3
HT17526,3
HT17527,3
HT17528,3
HT17560,3
HT17561,3
HT17562,3
HT17563,3
HT17564,3
HT17565,3
HT17566,3
HT17622,3
HT17624,3
HT17625,3
HT17627,0
HT17628,3
HT17720,3
HT17721,3
HT17726,3
HT19000,3
HT19002,3
HT19003,3
HT19004,3
HT19006,3
HT19020,3
HT19022,3
HT19023,3
HT19024,3
HT19026,3
HT19027,3
HT19070,3
HT19072,3
HT19075,3
HT19076,3
HT19100,3
HT19102,3
HT19103,3
HT19106,3
HT19120,3
HT19122,0
HT19123,3
HT19170,3
HT19172,3
HT19174,0
HT19175,0
HT19176,3
HT19177,3
HT19202,3
HT19203,3
HT19204,3
HT19206,3
HT19220,3
HT19223,3
HT19224,3
HT19226,3
HT19227,3
HT19270,3
HT19271,3
HT19272,3
HT19274,3
HT19275,3
HT19276,3
HT19277,3
HT19300,3
HT19302,3
HT19303,3
HT19304,3
HT19323,0
HT19324,3
HT19327,3
HT19370,3
HT19371,3
HT19372,3
HT19374,3
HT19375,3
HT20053,0
HT20060,0
HT20062,3
HT20063,3
HT20103,3
HT20111,3
HT20112,3
HT20113,3
HT20151,3
HT20153,3
HT20162,3
HT20163,3
HT20203,3
HT20211,3
HT20213,3
HT21102,3
HT21109,3
HT21201,3
HT21202,3
HT21209,3
HT21302,3
HT21309,3
HT21401,3
HT21402,3
HT22100,3
HT22103,3
HT22104,0
HT22121,3
HT22122,3
HT22200,3
HT22204,3
HT22205,3
HT22300,3
HT22302,3
HT22303,3
HT22304,3
HT22305,3
HT22322,3
HT22504,0
HT23000,3
HT23001,3
HT23003,3
HT23004,3
HT23005,3
HT23006,3
HT23007,3
HT23008,3
HT23009,3
HT23050,3
HT23051,3
HT23053,3
HT23054,3
HT23055,3
HT23057,3
HT23058,3
HT23059,3
HT23100,3
HT23101,3
HT23102,3
HT23103,3
HT23104,3
HT23105,3
HT23106,3
HT23107,3
HT23108,3
HT23109,3
HT23150,3
HT23151,3
HT23154,3
HT23155,3
HT23157,3
HT27000,3
HT27001,3
HT27002,3
HT27003,3
HT27004,3
HT27060,3
HT27100,3
HT27102,3
HT27103,3
HT27160,3
HT27203,3
HT27300,0
HT27303,3
HT28100,3
HT28110,3
HT28120,3
HT28130,3
HT28140,3
HT28200,0
HT28220,3
HT28230,3
HT28240,3
HT28250,3
HT28300,3
HT28320,3
HT28330,3
HT28340,3
HT28350,3
HT28420,3
HT28430,0
HT29022,3
HT29023,3
HT29025,3
HT29042,3
HT29043,3
HT29045,3
HT29060,3
HT29062,3
HT29063,3
HT29064,3
HT29065,3
HT29082,0
HT29102,3
HT29103,0
HT29104,3
HT31105,0
HT31110,3
HT31120,3
HT31125,0
HT31130,3
HT31140,3
HT31145,0
HT31150,3
HT31205,0
HT31210,3
HT31220,3
HT31225,0
HT31230,3
HT31240,3
HT31250,3
HT31310,3
HT31315,3
HT31320,3
HT31325,3
HT31330,3
HT31340,3
HT31345,3
HT31350,3
HT32000,3
HT32001,3
HT32002,3
HT32003,3
HT32004,3
HT32005,3
HT32020,3
HT32100,3
HT32101,3
HT32102,3
HT32103,3
HT32105,3
HT32120,3
HT32200,3
HT32201,0
HT32202,3
HT32203,3
HT32205,3
HT32220,3
HT32300,3
HT32303,3
HT32304,3
HT32305,0
HT32320,3
HT3280,0
HT3281,3
HT34000,3
HT34001,3
HT34002,3
HT34020,3
HT34021,0
HT34022,3
HT34023,3
HT34024,3
HT34025,0
HT34026,3
HT34100,3
HT34101,3
HT34102,3
HT34120,3
HT34121,3
HT34122,3
HT34123,0
HT34124,3
HT34125,0
HT34126,3
HT34200,3
HT34201,3
HT34202,3
HT34220,3
HT34221,3
HT34222,3
HT34223,3
HT34224,3
HT34225,3
HT34226,3
HT34300,3
HT34301,0
HT34302,0
HT34320,3
HT34321,0
HT34323,3
HT34324,3
HT34326,3
HT34400,0
HT34401,0
HT34402,3
HT34500,3
HT34501,0
HT34502,3
HT34520,3
HT34521,3
HT34522,3
HT34523,3
HT34524,3
HT34525,3
HT34526,3
HT34720,3
HT34723,3
HT34726,3
HT35000,3
HT35001,3
HT35002,3
HT35003,3
HT35004,3
HT35005,3
HT35020,3
HT35040,3
HT35060,3
HT35080,3
HT35081,3
HT35085,3
HT35100,3
HT35101,3
HT35102,3
HT35103,3
HT35104,3
HT35105,3
HT35180,3
HT35181,3
HT35182,0
HT35185,3
HT35200,3
HT35201,3
HT35202,3
HT35203,3
HT35204,3
HT35205,3
HT35280,3
HT35281,3
HT35285,0
HT35300,3
HT35301,3
HT35302,3
HT35303,3
HT35304,3
HT35305,3
HT35380,0
HT35381,3
HT35500,3
HT35501,3
HT35502,3
HT35503,3
HT35504,3
HT35505,3
HT35580,3
HT35581,3
HT35582,3
HT35584,0
HT35585,3
HT35600,3
HT35601,3
HT35602,3
HT35603,3
HT35604,3
HT35605,3
HT36101,3
HT36102,3
HT36103,3
HT36104,3
HT36106,3
HT36108,3
HT36109,3
HT36110,3
HT36111,3
HT36113,3
HT36115,3
HT36117,3
HT36118,3
HT36119,3
HT36120,3
HT36121,3
HT36122,3
HT36123,3
HT36124,3
HT36125,3
HT36126,3
HT36200,3
HT36201,3
HT36202,3
HT36203,3
HT36204,3
HT36206,0
HT36208,3
HT36209,3
HT36210,3
HT36211,3
HT36212,3
HT36213,3
HT36214,3
HT36215,3
HT36217,3
HT36218,3
HT36219,3
HT36220,3
HT36221,3
HT36222,3
HT36223,3
HT36224,3
HT36225,3
HT36226,3
HT36301,3
HT36302,3
HT36303,3
HT36306,0
HT36307,3
HT36308,3
HT36309,0
HT36310,3
HT36311,3
HT36313,3
HT36314,3
HT36315,3
HT36317,3
HT36318,3
HT36319,0
HT36320,3
HT36321,3
HT36322,3
HT36323,3
HT36324,3
HT36326,3
HT36401,3
HT36408,3
HT36409,3
HT36413,3
HT36417,3
HT36418,3
HT36420,3
HT36423,3
HT36424,3
HT36501,3
HT36502,3
HT36503,3
HT36504,3
HT36506,0
HT36507,0
HT36508,3
HT36509,3
HT36510,3
HT36511,0
HT36512,3
HT36513,3
HT36515,3
HT36517,3
HT36518,3
HT36519,3
HT36520,3
HT36521,3
HT37000,3
HT37001,3
HT37002,3
HT37003,3
HT37004,3
HT37005,3
HT37006,3
HT37007,3
HT37008,3
HT37009,3
HT37010,3
HT37011,3
HT37012,0
HT37100,3
HT37101,3
HT37102,3
HT37103,3
HT37104,3
HT37105,3
HT37106,3
HT37107,0
HT37108,3
HT37109,0
HT37110,0
HT37112,3
HT37200,3
HT37201,3
HT37202,3
HT37203,3
HT37204,3
HT37205,3
HT37206,3
HT37208,3
HT37209,3
HT37210,3
HT37211,3
HT37301,3
HT37302,3
HT37303,0
HT37305,3
HT37306,0
HT37308,0
HT37310,0
HT37312,0
HT39000,3
HT39020,3
HT39040,3
HT39041,3
HT39042,3
HT39100,0
HT39120,0
HT39140,3
HT39141,3
HT39142,3
HT39200,3
HT39220,0
HT39241,3
HT39242,3
HT39300,0
HT39320,0
HT39340,3
HT39341,3
HT39342,3
HT41000,3
HT41010,3
HT41020,3
HT41030,3
HT41040,3
HT41050,3
HT41060,3
HT41070,0
HT41080,3
HT41090,3
HT41100,3
HT41110,3
HT41120,3
HT41130,3
HT41140,3
HT41150,3
HT41160,3
HT41170,3
HT41180,3
HT41190,3
HT41200,3
HT41210,3
HT41220,3
HT41230,3
HT41240,3
HT41250,3
HT41260,3
HT41270,3
HT41280,3
HT41300,0
HT41330,3
HT413600,3
HT41370,3
HT41380,3
HT41400,3
HT41410,3
HT41420,3
HT41450,3
HT42000,3
HT42001,3
HT42002,3
HT42003,3
HT42004,3
HT42020,3
HT42021,3
HT42022,3
HT42023,3
HT42024,3
HT42100,3
HT42101,3
HT42102,3
HT42103,3
HT42104,0
HT42120,3
HT42121,0
HT42122,3
HT42123,3
HT42124,3
HT42200,3
HT42201,3
HT42202,3
HT42203,3
HT42220,0
HT42221,3
HT42223,3
HT42224,3
HT42403,3
HT42420,3
HT42422,3
HT43001,3
HT43002,3
HT43003,3
HT43004,3
HT43005,3
HT43021,3
HT43022,3
HT43023,3
HT43024,3
HT43025,3
HT4310,3
HT43101,3
HT43102,3
HT43103,3
HT43104,3
HT43105,3
HT4311,3
HT43121,3
HT43122,3
HT43123,3
HT43124,3
HT43125,3
HT43201,3
HT43202,3
HT43203,3
HT43204,3
HT43205,3
HT43221,3
HT43222,3
HT43223,3
HT43224,3
HT43225,3
HT43301,3
HT43302,3
HT43303,3
HT43304,3
HT43305,3
HT43321,3
HT43322,3
HT43323,3
HT43324,3
HT43325,3
HT43501,3
HT43502,3
HT43503,0
HT43504,3
HT43505,3
HT43521,3
HT43522,3
HT43523,3
HT43524,3
HT43525,3
HT44000,3
HT44001,3
HT44002,3
HT44003,3
HT44004,3
HT44005,3
HT44020,3
HT44021,3
HT44022,3
HT44023,3
HT44024,3
HT44025,3
HT44040,3
HT44041,3
HT44042,3
HT44043,3
HT44044,3
HT44045,3
HT44100,3
HT44101,3
HT44102,3
HT44103,3
HT44104,3
HT44105,0
HT44120,3
HT44121,3
HT44122,3
HT44123,3
HT44124,3
HT44125,3
HT44140,3
HT44141,3
HT44142,3
HT44143,3
HT44144,0
HT44145,3
HT44200,3
HT44201,3
HT44202,3
HT44203,3
HT44204,3
HT44205,3
HT44220,3
HT44221,3
HT44222,3
HT44223,3
HT44224,3
HT44240,3
HT44241,3
HT44242,3
HT44243,3
HT44245,3
HT44300,0
HT44302,0
HT44303,0
HT44320,3
HT44321,3
HT44322,3
HT44323,3
HT44324,0
HT44325,3
HT44340,0
HT44342,0
HT44343,3
HT44500,3
HT44501,3
HT44502,3
HT44503,3
HT44504,3
HT44505,0
HT44520,3
HT44521,3
HT44522,3
HT44523,3
HT44524,3
HT44525,3
HT44540,3
HT44541,0
HT44542,0
HT44543,0
HT44544,0
HT46000,3
HT46001,3
HT46002,0
HT46003,0
HT46004,3
HT46100,3
HT46101,3
HT46102,3
HT46103,3
HT46104,3
HT46200,3
HT46201,3
HT46204,3
HT46300,3
HT46301,3
HT46302,0
HT46304,3
HT46500,3
HT46501,3
HT46502,0
HT46503,3
HT46504,3
HT46700,3
HT46701,0
HT46703,3
HT46704,3
HT49000,3
HT49001,3
HT49002,3
HT49003,3
HT49004,3
HT49020,3
HT49022,3
HT49024,3
HT49100,3
HT49101,3
HT49102,3
HT49103,3
HT49104,3
HT49120,3
HT49122,3
HT49124,3
HT49200,3
HT49201,3
HT49202,0
HT49203,3
HT49204,3
HT49220,3
HT49221,3
HT49222,3
HT49223,0
HT49224,3
HT49300,0
HT49301,3
HT49302,0
HT49303,3
HT49304,0
HT49320,3
HT49321,0
HT49322,3
HT49324,3
HT49500,3
HT49501,3
HT49502,3
HT49503,3
HT49504,3
HT49520,3
HT49521,3
HT49522,3
HT49523,3
HT49524,3
HT51000,3
HT51001,3
HT51002,3
HT51003,3
HT51004,3
HT51005,3
HT51006,3
HT51021,0
HT51022,0
HT51023,3
HT51024,3
HT51025,3
HT51026,3
HT51100,3
HT51101,3
HT51102,3
HT51103,3
HT51104,3
HT51105,3
HT51106,3
HT51121,3
HT51122,3
HT51123,3
HT51124,3
HT51125,3
HT51126,3
HT51200,3
HT51201,3
HT51202,3
HT51203,3
HT51204,3
HT51205,3
HT51206,3
HT51220,3
HT51221,3
HT51222,3
HT51223,3
HT51224,3
HT51225,3
HT51226,3
HT51300,0
HT51301,0
HT51302,0
HT51304,3
HT51305,0
HT51306,0
HT51400,3
HT51401,3
HT51402,3
HT51403,3
HT51404,3
HT51405,3
HT51406,3
HT51420,3
HT51421,3
HT51422,3
HT51423,3
HT51424,3
HT51425,3
HT51426,3
HT51500,3
HT51501,3
HT51502,3
HT51503,3
HT51504,3
HT51505,3
HT51506,0
HT51523,0
HT51525,0
HT51526,3
HT52000,3
HT52001,3
HT52002,3
HT52003,3
HT52004,3
HT52020,3
HT52021,3
HT52022,3
HT52023,3
HT52024,3
HT52100,3
HT52101,3
HT52102,3
HT52103,3
HT52104,3
HT52120,3
HT52121,3
HT52122,3
HT52123,3
HT52124,3
HT52200,3
HT52201,3
HT52202,3
HT52203,3
HT52204,3
HT52220,0
HT52221,3
HT52222,3
HT52223,3
HT52224,3
HT52300,3
HT52301,3
HT52302,3
HT52303,3
HT52304,3
HT52320,0
HT52321,3
HT52322,3
HT52323,3
HT52324,3
HT52500,3
HT52501,3
HT52502,3
HT52503,3
HT52504,3
HT52520,3
HT52521,3
HT52522,3
HT52523,3
HT52524,3
HT53000,3
HT53010,3
HT53020,3
HT53030,3
HT53040,3
HT53050,3
HT53060,3
HT53070,0
HT53100,3
HT53110,3
HT53120,3
HT53130,3
HT53140,3
HT53150,3
HT53160,3
HT53170,3
HT53200,3
HT53210,3
HT53220,3
HT53230,3
HT53240,3
HT53250,3
HT53260,3
HT53270,0
HT53300,3
HT53310,3
HT53320,3
HT53330,0
HT53340,3
HT53350,3
HT53360,3
HT53370,3
HT54000,3
HT54001,3
HT54020,3
HT54021,3
HT54040,0
HT54041,3
HT54100,3
HT54101,3
HT54120,3
HT54121,3
HT54140,3
HT54141,3
HT54200,3
HT54201,3
HT54220,3
HT54221,3
HT54240,3
HT54241,3
HT55000,0
HT55010,3
HT55020,3
HT55030,3
HT55040,3
HT55100,3
HT55110,3
HT55120,3
HT55130,3
HT55140,3
HT55200,0
HT55210,3
HT55220,3
HT55230,3
HT55240,3
HT57000,3
HT57010,3
HT57020,3
HT57030,3
HT57040,3
HT57050,3
HT57060,3
HT57070,3
HT57080,3
HT57100,3
HT57110,3
HT57120,3
HT57130,3
HT57140,3
HT57150,3
HT57160,3
HT57170,3
HT57180,3
HT57200,3
HT57210,3
HT57220,3
HT57230,3
HT57240,3
HT57250,3
HT57260,3
HT57270,3
HT57280,3
HT57320,3
HT57330,3
HT57350,3
HT57360,3
HT57370,3
HT57380,3
HT58001,3
HT58003,3
HT58004,3
HT58024,3
HT58041,3
HT58043,3
HT58044,3
HT58101,0
HT58103,0
HT58104,0
HT58124,3
HT58141,0
HT58143,3
HT58144,0
HT58201,3
HT58203,3
HT58204,3
HT58224,3
HT58240,3
HT58241,3
HT58243,3
HT58244,3
HT59000,3
HT59010,3
HT59020,3
HT59030,3
HT59040,3
HT59050,3
HT59060,3
HT59070,3
HT59100,3
HT59110,3
HT59120,3
HT59130,3
HT59140,3
HT59150,3
HT59160,3
HT59170,3
HT59200,3
HT59210,3
HT59220,3
HT59230,3
HT59240,3
HT59250,3
HT59260,3
HT59270,3
HT59330,0
HT59340,3
HT59350,3
HT59360,3
HT59370,0
HT59510,0
HT59530,3
HT59570,3
HT60000,3
HT60010,3
HT60020,3
HT60030,3
HT60040,3
HT60050,3
HT60060,3
HT60070,3
HT60071,3
HT60072,3
HT60073,3
HT60074,3
HT60100,0
HT60110,3
HT60120,0
HT60130,3
HT60140,0
HT60150,3
HT60160,0
HT60171,3
HT60172,3
HT60173,3
HT60174,3
HT60200,3
HT60210,3
HT60230,3
HT60250,3
HT60271,3
HT60272,3
HT60273,3
HT60274,3
HT62000,3
HT62001,3
HT62002,3
HT62003,3
HT62020,3
HT62021,3
HT62022,0
HT62023,3
HT62024,3
HT62025,3
HT62100,3
HT62101,3
HT62102,3
HT62103,3
HT62120,3
HT62121,3
HT62122,3
HT62123,3
HT62124,3
HT62125,3
HT62200,3
HT62201,3
HT62202,3
HT62203,3
HT62220,3
HT62221,3
HT62222,0
HT62223,3
HT62224,3
HT62225,3
HT62300,0
HT62301,3
HT62302,3
HT62303,3
HT62320,3
HT62321,3
HT62322,3
HT62323,3
HT62324,3
HT62325,3
HT63100,3
HT63110,3
HT63120,3
HT63130,3
HT63200,3
HT63210,3
HT63220,3
HT63230,3
HT64100,3
HT64101,3
HT64102,3
HT64103,3
HT64104,3
HT64200,3
HT64201,3
HT64202,3
HT64203,3
HT64204,3
HT65000,3
HT65100,3
HT65200,3
HT65300,3
HT65500,3
HT7004,0
HT7031,3
HT7052,0
HT7053,3
HT7054,3
HT7060,3
HT7061,3
HT7062,3
HT7063,3
HT7064,3
HT7070,0
HT7074,0
HT7075,3
HT7078,3
HT7079,3
HT7092,3
HT7093,3
HT7100,3
HT7103,0
HT7113,3
HT7120,3
HT7123,3
HT7140,3
HT7143,3
HT7160,3
HT7163,3
HT7170,3
HT7173,3
HT7180,3
HT7183,3
HT7190,0
HT7193,3
HT7230,0
HT7233,0
HT7234,3
HT7235,3
HT7240,3
HT7241,0
HT7242,3
HT7451,3
HT7505,3
HT7604,3
HT7700,3
HT7701,3
HT7702,3
HT7720,3
HT7721,3
HT7722,3
HT7740,3
HT7741,3
HT7742,3
HT7792,0
HT8049,3
HT8059,3
HT8069,3
HT8079,3
HT8089,3
HT8099,3
